Data,Otwarcie,Najwyzszy,Najnizszy,Zamkniecie,Wolumen
2020-01-02,8739.99897,8849.99755,8704.9966,8844.99573,2307
2020-01-03,8720.00206,8824.99881,8599.99984,8824.99881,2090
2020-01-07,8775.00134,9035.00269,8700.00514,8739.99897,2905
2020-01-08,8599.99984,8720.00206,8529.9951,8649.99731,3252
2020-01-09,8789.99644,8789.99644,8660.00095,8704.9966,2109
2020-01-10,8649.99731,8734.99715,8649.99731,8709.99842,726
2020-01-13,8700.00514,8755.00443,8589.99621,8755.00443,1361
2020-01-14,8665.00277,8769.99953,8509.99818,8709.99842,2461
2020-01-15,8679.99787,8780.00316,8635.00221,8729.99534,907
2020-01-16,8769.99953,8775.00134,8630.0004,8700.00514,1794
2020-01-17,8684.99968,8814.99518,8679.99787,8739.99897,1197
2020-01-20,8739.99897,8794.99826,8660.00095,8709.99842,755
2020-01-21,8665.00277,8755.00443,8504.99636,8599.99984,955
2020-01-22,8649.99731,8654.99913,8529.9951,8635.00221,1020
2020-01-23,8635.00221,8660.00095,8559.99565,8614.99494,773
2020-01-24,8614.99494,8720.00206,8580.00292,8585.00474,756
2020-01-27,8479.99763,8545.00055,8309.99794,8385.00451,1199
2020-01-28,8380.00269,8460.00071,8205.00119,8394.99779,1480
2020-01-29,8385.00451,8589.99621,8329.99486,8534.99692,1026
2020-01-30,8419.99652,8635.00221,8410.00324,8569.99929,2079
2020-01-31,8660.00095,8660.00095,8304.99613,8465.00253,2321
2020-02-03,8495.00308,8599.99984,8215.00482,8300.00466,2053
2020-02-04,8500.0049,8630.0004,8300.00466,8610.00348,5211
2020-02-05,8599.99984,8750.00261,8550.00237,8679.99787,1939
2020-02-06,8695.00332,8709.99842,8449.99707,8460.00071,1777
2020-02-07,8500.0049,8515,8380.00269,8415.00506,1363
2020-02-10,8484.99945,8515,8385.00451,8424.99834,778
2020-02-11,8500.0049,8500.0049,8355.00395,8410.00324,1495
2020-02-12,8375.00087,8490.00126,8355.00395,8419.99652,2470
2020-02-13,8380.00269,8460.00071,8304.99613,8415.00506,1080
2020-02-14,8479.99763,8479.99763,8334.99668,8334.99668,720
2020-02-17,8380.00269,8380.00269,8304.99613,8320.00158,471
2020-02-18,8249.99684,8394.99779,8249.99684,8359.99541,763
2020-02-19,8359.99541,8449.99707,8309.99794,8430.00016,1006
2020-02-20,8389.99597,8460.00071,8320.00158,8320.00158,936
2020-02-21,8320.00158,8350.00213,8139.99826,8199.99937,1669
2020-02-24,8109.99771,8155.00372,7574.99992,7714.99905,4181
2020-02-25,7764.99652,7785.00379,7344.99913,7440.00261,4206
2020-02-26,7525.00245,7594.99684,7254.99747,7350.00095,4311
2020-02-27,7380.0015,7380.0015,6990.00466,7045.00395,4129
2020-02-28,6799.99771,7010.00158,6700.00277,6900.003,6505
2020-03-02,7040.00213,7075.00451,6790.00443,6889.99937,4047
2020-03-03,6900.003,7555.003,6900.003,7369.99787,4153
2020-03-04,7279.99621,7334.99549,7109.99652,7245.00419,2643
2020-03-05,7219.9951,7300.00348,7100.00324,7109.99652,3178
2020-03-06,7100.00324,7109.99652,6744.99842,6845.00372,4827
2020-03-09,6369.99668,6555.00182,6054.99605,6199.997,5345
2020-03-10,6155.00134,6259.9981,5994.99494,5994.99494,4819
2020-03-11,5999.99676,6045.00277,5399.99605,5549.99881,6023
2020-03-12,4986.00498,5064.9985,4489.99652,4659.99621,5458
2020-03-13,4753.99518,4928.00253,4250.00245,4802.00435,8715
2020-03-16,4551.99628,4551.99628,3919.99636,4450.00269,6640
2020-03-17,4450.00269,5140.00506,4145.99984,4999.99557,8488
2020-03-18,5105.00269,5245.00182,4599.9951,4680.00348,8067
2020-03-19,4701.99905,4972.00403,4294.00395,4799.99534,12889
2020-03-20,5004.99739,5100.00087,4859.99644,4983.99597,9997
2020-03-23,4806.00166,4983.99597,4641.99794,4901.99929,3505
2020-03-24,5009.99921,5494.99953,4910.00427,5399.99605,4411
2020-03-25,5464.99897,5795.00506,5140.00506,5204.99763,4394
2020-03-26,5015.00103,5510.00498,5015.00103,5420.00332,2311
2020-03-27,5549.99881,5549.99881,5204.99763,5220.00308,2846
2020-03-30,5324.99984,5330.00166,4900.00063,5195.00435,2553
2020-03-31,5229.99636,5344.99676,5130.00142,5229.99636,4008
2020-04-01,5124.9996,5195.00435,4947.99945,4947.99945,3698
2020-04-02,4900.00063,4900.00063,4636.00198,4740.00458,5854
2020-04-03,4700.0004,4898.00198,4558.00261,4786.00474,4768
2020-04-06,4960.00174,5165.00379,4884.00103,5149.99834,2574
2020-04-07,5250.00364,5629.99684,5209.99945,5434.99842,5078
2020-04-08,5324.99984,5514.99644,5310.00474,5450.00387,3995
2020-04-09,5369.99549,5634.99866,5305.00292,5634.99866,3662
2020-04-14,5799.99652,5909.9951,5510.00498,5760.00269,4322
2020-04-15,5795.00506,5840.00071,5510.00498,5650.00411,3628
2020-04-16,5749.99905,5769.99597,5409.99968,5480.00443,3508
2020-04-17,5579.99937,5755.00087,5510.00498,5700.00158,2700
2020-04-20,5880.0049,5880.0049,5579.99937,5755.00087,1818
2020-04-21,5705.0034,5749.99905,5500.00134,5544.997,1761
2020-04-22,5544.997,5675.00285,5399.99605,5629.99684,1578
2020-04-23,5689.99794,5834.99889,5579.99937,5829.99707,1957
2020-04-24,5829.99707,6075.00332,5760.00269,5919.99874,2619
2020-04-27,6040.00095,6160.00316,5760.00269,5880.0049,2982
2020-04-28,5895,6095.00024,5755.00087,6034.99913,2614
2020-04-29,6084.9966,6969.99739,6029.99731,6790.00443,10143
2020-04-30,6950.00047,7240.00237,6355.00158,6500.00253,7083
2020-05-04,6399.99723,6399.99723,6040.00095,6075.00332,4327
2020-05-05,6050.00458,6220.00427,5859.99763,6199.997,2513
2020-05-06,6160.00316,6279.99502,6045.00277,6100.00206,2581
2020-05-07,6105.00387,6374.9985,6050.00458,6224.99573,2189
2020-05-08,6250.00482,6440.00142,6250.00482,6355.00158,1744
2020-05-11,6410.00087,6429.99779,6160.00316,6250.00482,3107
2020-05-12,6185.0019,6330.00285,6100.00206,6264.99992,3526
2020-05-13,6169.99644,6380.00032,6169.99644,6295.00047,3699
2020-05-14,6174.99826,6264.99992,5909.9951,6024.99549,3232
2020-05-15,6010.0004,6149.99953,5939.99565,5949.99929,1971
2020-05-18,5935.00419,6045.00277,5854.99581,5994.99494,5276
2020-05-19,6089.99842,6314.99739,5949.99929,6254.99628,3705
2020-05-20,6254.99628,6319.99921,6160.00316,6295.00047,1845
2020-05-21,6215.00245,6300.00229,6185.0019,6185.0019,952
2020-05-22,6125.00079,6250.00482,5990.00348,6220.00427,2088
2020-05-25,6204.99881,6254.99628,6160.00316,6234.99937,1403
2020-05-26,6254.99628,6564.9951,6220.00427,6509.99581,2394
2020-05-27,6470.00198,6815.00316,6470.00198,6645.00348,3216
2020-05-28,6735.00514,6930.00356,6640.00166,6794.99589,4609
2020-05-29,6709.99605,6944.99866,6709.99605,6859.99881,7673
2020-06-01,6845.00372,7024.99668,6820.00498,6854.997,1504
2020-06-02,6854.997,7015.0034,6854.997,6980.00103,2417
2020-06-03,7019.99486,7245.00419,6990.00466,7049.99541,3734
2020-06-04,7010.00158,7330.00403,7004.99976,7300.00348,4258
2020-06-05,7394.9966,7744.9996,7334.99549,7700.00395,3728
2020-06-08,7700.00395,7964.99676,7514.99881,7849.99636,5098
2020-06-09,7900.00419,7900.00419,7504.99518,7640.00285,3881
2020-06-10,7690.00032,7700.00395,7479.99644,7659.99976,2709
2020-06-12,7449.99589,7564.99628,7210.00182,7289.99984,4392
2020-06-15,7144.99889,7205,6634.99984,6909.99628,3326
2020-06-16,6925.00174,7210.00182,6919.99992,7015.0034,2896
2020-06-17,7049.99541,7114.99834,6854.997,6955.00229,3619
2020-06-18,7019.99486,7095.00142,6824.99644,6919.99992,3682
2020-06-19,6999.99794,7019.99486,6725.0015,6824.99644,8438
2020-06-22,6829.99826,6849.99518,6714.99787,6774.99897,3611
2020-06-23,6879.99573,7084.99779,6760.00387,6840.0019,3644
2020-06-24,6905.00482,6905.00482,6555.00182,6555.00182,1340
2020-06-25,6555.00182,6585.00237,6385.00213,6539.99636,2548
2020-06-26,6450.00506,6470.00198,6289.99866,6289.99866,4268
2020-06-29,6295.00047,6335.00466,6125.00079,6149.99953,2883
2020-06-30,6180.00008,6180.00008,5999.99676,6010.0004,4678
2020-07-01,6050.00458,6349.99976,6050.00458,6109.99534,5474
2020-07-02,6194.99518,6245.003,6084.9966,6119.99897,8405
2020-07-03,6199.997,6434.9996,6070.0015,6385.00213,2461
2020-07-06,6500.00253,6564.9951,6450.00506,6564.9951,4842
2020-07-07,6500.00253,6564.9951,6399.99723,6509.99581,5393
2020-07-08,6525.00126,6665.0004,6495.00071,6585.00237,4217
2020-07-09,6665.0004,6744.99842,6585.00237,6714.99787,6006
2020-07-10,6640.00166,6700.00277,6555.00182,6700.00277,3081
2020-07-13,6750.00024,6785.00261,6564.9951,6580.00055,2064
2020-07-14,6560.00364,6580.00055,6279.99502,6309.99557,5145
2020-07-15,6364.99486,6445.00324,6319.99921,6445.00324,3934
2020-07-16,6399.99723,6470.00198,6344.99794,6434.9996,4539
2020-07-17,6450.00506,6450.00506,6369.99668,6404.99905,2900
2020-07-20,6385.00213,6539.99636,6385.00213,6539.99636,2291
2020-07-21,6670.00221,6700.00277,6459.99834,6530.00308,1947
2020-07-22,6489.99889,6535.0049,6420.00451,6535.0049,1263
2020-07-23,6590.00419,6590.00419,6275.00356,6289.99866,2131
2020-07-24,6190.00372,6215.00245,6089.99842,6210.00063,3002
2020-07-27,6259.9981,6309.99557,6149.99953,6275.00356,1986
2020-07-28,6199.997,6514.99763,6199.997,6465.00016,4590
2020-07-29,6500.00253,6980.00103,6440.00142,6930.00356,4163
2020-07-30,6990.00466,7059.99905,6815.00316,6854.997,7465
2020-07-31,6854.997,6944.99866,6799.99771,6900.003,4334
2020-08-03,6950.00047,7139.99707,6799.99771,7105.00506,3679
2020-08-04,7205,7380.0015,7205,7300.00348,3556
2020-08-05,7155.00253,7385.00332,7100.00324,7309.99676,2233
2020-08-06,7344.99913,7364.99605,7144.99889,7199.99818,2240
2020-08-07,7134.99526,7235.00055,6840.0019,7035.00032,2230
2020-08-10,6999.99794,7134.99526,6934.99502,7109.99652,817
2020-08-11,7190.0049,7320.0004,7095.00142,7210.00182,1759
2020-08-12,7259.99929,7334.99549,7235.00055,7270.00292,1445
2020-08-13,7249.99565,7440.00261,7249.99565,7300.00348,1000
2020-08-14,7254.99747,7454.99771,7199.99818,7454.99771,820
2020-08-17,7445.00443,7490.00008,7275.00474,7380.0015,1061
2020-08-18,7309.99676,7440.00261,7235.00055,7270.00292,1638
2020-08-19,7235.00055,7350.00095,7100.00324,7134.99526,1497
2020-08-20,7019.99486,7164.99581,6999.99794,7065.00087,933
2020-08-21,7100.00324,7330.00403,6990.00466,7245.00419,3108
2020-08-24,7339.99731,7350.00095,7024.99668,7114.99834,2691
2020-08-25,7210.00182,7270.00292,7125.00198,7190.0049,1213
2020-08-26,7199.99818,7224.99692,7095.00142,7150.00071,1092
2020-08-27,7109.99652,7265.00111,7049.99541,7059.99905,1389
2020-08-28,7125.00198,7224.99692,7125.00198,7190.0049,1653
2020-08-31,7194.99636,7279.99621,7105.00506,7185.00308,3756
2020-09-01,7194.99636,7224.99692,7105.00506,7144.99889,4070
2020-09-02,7190.0049,7219.9951,7114.99834,7150.00071,2268
2020-09-03,7100.00324,7339.99731,7089.9996,7249.99565,3187
2020-09-04,7150.00071,7339.99731,7100.00324,7194.99636,2225
2020-09-07,7219.9951,7300.00348,7155.00253,7224.99692,894
2020-09-08,7224.99692,7254.99747,7155.00253,7205,3361
2020-09-09,7205,7339.99731,7205,7289.99984,1965
2020-09-10,7235.00055,7304.99494,7199.99818,7199.99818,2278
2020-09-11,7249.99565,7249.99565,7019.99486,7049.99541,3448
2020-09-14,7190.0049,7190.0049,6799.99771,6799.99771,2668
2020-09-15,6799.99771,6799.99771,6675.00403,6719.99968,4007
2020-09-16,6705.00458,6990.00466,6689.99913,6849.99518,3497
2020-09-17,6849.99518,6999.99794,6705.00458,6999.99794,3300
2020-09-18,6999.99794,7049.99541,6884.99755,6999.99794,2864
2020-09-21,6799.99771,6980.00103,6700.00277,6879.99573,1998
2020-09-22,6854.997,6999.99794,6840.0019,6870.00245,1032
2020-09-23,7004.99976,7065.00087,6845.00372,6849.99518,1688
2020-09-24,6714.99787,6829.99826,6649.99494,6649.99494,1045
2020-09-25,6599.99747,6719.99968,6500.00253,6700.00277,2928
2020-09-28,6774.99897,6829.99826,6620.00474,6829.99826,701
2020-09-29,6739.9966,6854.997,6675.00403,6714.99787,1928
2020-09-30,6764.99534,6764.99534,6530.00308,6569.99692,1819
2020-10-01,6649.99494,6845.00372,6599.99747,6799.99771,1278
2020-10-02,6730.00332,6900.003,6634.99984,6755.00206,1008
2020-10-05,6780.00079,7015.0034,6714.99787,6969.99739,1222
2020-10-06,6854.997,7100.00324,6854.997,7004.99976,703
2020-10-07,7040.00213,7095.00142,6810.00134,6900.003,1510
2020-10-08,6895.00119,6969.99739,6509.99581,6649.99494,2701
2020-10-09,6659.99858,6739.9966,6505.00435,6615.00292,2556
2020-10-12,6649.99494,6750.00024,6599.99747,6675.00403,1646
2020-10-13,6659.99858,6659.99858,6525.00126,6560.00364,1005
2020-10-14,6544.99818,6719.99968,6519.99945,6590.00419,2868
2020-10-15,6555.00182,6629.99802,6020.00403,6054.99605,2928
2020-10-16,6300.00229,6525.00126,6075.00332,6149.99953,2601
2020-10-19,6125.00079,6275.00356,6020.00403,6180.00008,1551
2020-10-20,6119.99897,6300.00229,6075.00332,6224.99573,1493
2020-10-21,6284.99684,6314.99739,6174.99826,6250.00482,2231
2020-10-22,6199.997,6204.99881,6080.00514,6095.00024,2153
2020-10-23,6050.00458,6064.99968,5700.00158,5749.99905,3110
2020-10-26,5634.99866,5744.99723,5314.99621,5404.99787,2855
2020-10-27,5409.99968,5645.00229,5409.99968,5569.99573,2542
2020-10-28,5544.997,5585.00119,5360.00221,5480.00443,3978
2020-10-29,5379.99913,5530.0019,5275.00237,5459.99715,3681
2020-10-30,5349.99858,5390.00277,5155.00016,5240,1940
2020-11-02,5160.00198,5344.99676,5160.00198,5190.00253,1683
2020-11-03,5155.00016,6194.99518,5110.00451,6010.0004,4869
2020-11-04,5880.0049,5994.99494,5654.99557,5994.99494,3224
2020-11-05,5990.00348,6585.00237,5990.00348,6585.00237,3270
2020-11-06,6580.00055,6590.00419,6190.00372,6489.99889,1657
2020-11-09,6500.00253,7760.00506,6349.99976,7530.00427,6040
2020-11-10,7440.00261,7690.00032,7300.00348,7610.00229,4525
2020-11-12,7580.00174,7659.99976,7079.99597,7215.00364,3576
2020-11-13,7199.99818,7199.99818,6665.0004,6914.9981,2959
2020-11-16,6919.99992,7374.99968,6900.003,7355.00277,3452
2020-11-17,7210.00182,7259.99929,6955.00229,7185.00308,1462
2020-11-18,7190.0049,7190.0049,6824.99644,7004.99976,3046
2020-11-19,6875.00427,7065.00087,6875.00427,7004.99976,1997
2020-11-20,6875.00427,6999.99794,6815.00316,6870.00245,1550
2020-11-23,7100.00324,7155.00253,6804.99953,6804.99953,2800
2020-11-24,6895.00119,7035.00032,6815.00316,6999.99794,2379
2020-11-25,6999.99794,7120.00016,6815.00316,7070.00269,3602
2020-11-26,7100.00324,7100.00324,6845.00372,6879.99573,2423
2020-11-27,6889.99937,7134.99526,6840.0019,7134.99526,1997
2020-11-30,7059.99905,7059.99905,6804.99953,6870.00245,7466
2020-12-01,6870.00245,7010.00158,6815.00316,6939.99684,1629
2020-12-02,6840.0019,7120.00016,6654.99676,7100.00324,4353
2020-12-03,7120.00016,7144.99889,6960.00411,7100.00324,1251
2020-12-04,7150.00071,7339.99731,7079.99597,7219.9951,1871
2020-12-07,7289.99984,7344.99913,7139.99707,7284.99802,2965
2020-12-08,7350.00095,7355.00277,7040.00213,7169.99763,2971
2020-12-09,7240.00237,7445.00443,7150.00071,7364.99605,2878
2020-12-10,7390.00514,7390.00514,7049.99541,7065.00087,3007
2020-12-11,7010.00158,7180.00126,7010.00158,7180.00126,2912
2020-12-14,7199.99818,7320.0004,7089.9996,7229.99873,2784
2020-12-15,7199.99818,7295.00166,7160.00435,7249.99565,2436
2020-12-16,7249.99565,7539.99755,7224.99692,7405.00024,2552
2020-12-17,7380.0015,7700.00395,7139.99707,7320.0004,4244
2020-12-18,7399.99842,7429.99897,7210.00182,7334.99549,9924
2020-12-21,7380.0015,7594.99684,7265.00111,7399.99842,3066
2020-12-22,7504.99518,7684.9985,7405.00024,7635.00103,1365
2020-12-23,7449.99589,7690.00032,7449.99589,7690.00032,966
2020-12-28,7739.99779,8010.00277,7714.99905,7900.00419,1432
2020-12-29,7999.99913,8399.9996,7999.99913,8210.003,1971
2020-12-30,8210.003,8364.99723,8139.99826,8284.99921,2887
2021-01-04,8500.0049,8500.0049,8070.00387,8100.00443,2287
2021-01-05,8125.00316,8484.99945,8125.00316,8164.997,2319
2021-01-07,8260.00047,8444.99526,8249.99684,8410.00324,1473
2021-01-08,8399.9996,8399.9996,8134.99644,8185.00427,1674
2021-01-11,8229.99992,8295.00285,7920.00111,7955.00348,1805
2021-01-12,7959.99494,7985.00403,7700.00395,7840.00308,941
2021-01-13,7845.0049,8029.99968,7654.99794,7895.00237,3385
2021-01-14,7805.00071,8024.99787,7734.99597,7874.9951,1761
2021-01-15,7900.00419,8029.99968,7730.00451,7755.00324,2739
2021-01-18,7755.00324,8035.0015,7755.00324,7989.99549,2156
2021-01-19,7920.00111,8015.00458,7725.00269,7744.9996,814
2021-01-20,7824.99763,7879.99692,7744.9996,7764.99652,1801
2021-01-21,7849.99636,7849.99636,7415.00387,7459.99953,1811
2021-01-22,7445.00443,7980.00221,7445.00443,7865.00182,1553
2021-01-25,7865.00182,8024.99787,7720.00087,7750.00142,1951
2021-01-26,7750.00142,7849.99636,7610.00229,7730.00451,1733
2021-01-27,7574.99992,7714.99905,7479.99644,7530.00427,1191
2021-01-28,7679.99668,7679.99668,7470.00316,7599.99866,2331
2021-01-29,7654.99794,7750.00142,7530.00427,7690.00032,4083
2021-02-01,7654.99794,7739.99779,7649.99613,7700.00395,2443
2021-02-02,7700.00395,7764.99652,7649.99613,7730.00451,4079
2021-02-03,7720.00087,7780.00198,7599.99866,7700.00395,1995
2021-02-04,7704.99541,7760.00506,7599.99866,7679.99668,2102
2021-02-05,7684.9985,7750.00142,7594.99684,7725.00269,1651
2021-02-08,7725.00269,7744.9996,7605.00047,7690.00032,1239
2021-02-09,7649.99613,7980.00221,7649.99613,7980.00221,1132
2021-02-10,7975.0004,8024.99787,7744.9996,7819.99581,1278
2021-02-11,7900.00419,7950.00166,7835.00126,7895.00237,1755
2021-02-12,7895.00237,7969.99858,7849.99636,7925.00292,579
2021-02-15,7895.00237,8130.00498,7895.00237,8100.00443,870
2021-02-16,7994.99731,8345.00032,7985.00403,8260.00047,1455
2021-02-17,8229.99992,8320.00158,8125.00316,8254.99866,3517
2021-02-18,8109.99771,8350.00213,8109.99771,8320.00158,2183
2021-02-19,8159.99518,8249.99684,8040.00332,8104.99589,2808
2021-02-22,8005.00095,8219.99628,7904.99565,8010.00277,2291
2021-02-23,8060.00024,8065.00206,7775.00016,7925.00292,1914
2021-02-24,8019.99605,8100.00443,7879.99692,7914.99929,2315
2021-02-25,7890.00055,8380.00269,7890.00055,7955.00348,4404
2021-02-26,7930.00474,7955.00348,7739.99779,7824.99763,4922
2021-03-01,7944.99984,8035.0015,7845.0049,7900.00419,1320
2021-03-02,7900.00419,7964.99676,7799.99889,7934.99621,1507
2021-03-03,7904.99565,8079.99715,7690.00032,7805.00071,1936
2021-03-04,7799.99889,7930.00474,7704.99541,7854.99818,3001
2021-03-05,7884.99873,7975.0004,7769.99834,7819.99581,2253
2021-03-08,7874.9951,7890.00055,7744.9996,7799.99889,2231
2021-03-09,7829.99945,7975.0004,7785.00379,7925.00292,2981
2021-03-10,7955.00348,8279.99739,7909.99747,8005.00095,2315
2021-03-11,8164.997,8265.00229,8029.99968,8060.00024,2294
2021-03-12,8189.99573,8479.99763,8125.00316,8479.99763,2195
2021-03-15,8500.0049,8589.99621,8440.00379,8529.9951,1893
2021-03-16,8599.99984,8915.00047,8504.99636,8785.00498,2782
2021-03-17,8700.00514,8775.00134,8210.003,8244.99502,3891
2021-03-18,8210.003,8665.00277,8210.003,8479.99763,2603
2021-03-19,8649.99731,8849.99755,8159.99518,8159.99518,13377
2021-03-22,8249.99684,8385.00451,8010.00277,8049.9966,2599
2021-03-23,7999.99913,8109.99771,7865.00182,7930.00474,1317
2021-03-24,7805.00071,7950.00166,7799.99889,7824.99763,1039
2021-03-25,7805.00071,7944.99984,7755.00324,7865.00182,2097
2021-03-26,7904.99565,8440.00379,7904.99565,8399.9996,1525
2021-03-29,8375.00087,8585.00474,8040.00332,8189.99573,2416
2021-03-30,8314.99976,8345.00032,8065.00206,8120.00134,1776
2021-03-31,8185.00427,8389.99597,8070.00387,8125.00316,2097
2021-04-01,8090.00079,8279.99739,7999.99913,8180.00245,1190
2021-04-06,8254.99866,8769.99953,8189.99573,8769.99953,1416
2021-04-07,8764.99771,8764.99771,8339.9985,8410.00324,1139
2021-04-08,8470.00435,8674.99605,8470.00435,8614.99494,3266
2021-04-09,8559.99565,8624.99858,8405.00142,8599.99984,4527
2021-04-12,8449.99707,8594.99802,8375.00087,8585.00474,1289
2021-04-13,8509.99818,8635.00221,8435.00198,8635.00221,346
2021-04-14,8599.99984,8874.99628,8599.99984,8814.99518,1381
2021-04-15,8764.99771,8764.99771,8539.99873,8599.99984,3675
2021-04-16,8559.99565,8729.99534,8484.99945,8695.00332,1568
2021-04-19,8599.99984,8734.99715,8500.0049,8580.00292,1914
2021-04-20,8525.00364,8660.00095,8500.0049,8555.00419,1803
2021-04-21,8550.00237,8695.00332,8415.00506,8665.00277,2075
2021-04-22,8555.00419,8945.00103,8555.00419,8800.00008,1620
2021-04-23,8725.00387,8929.99557,8690.0015,8890.00174,3130
2021-04-26,8899.99502,9240.00474,8860.00119,9240.00474,1406
2021-04-27,9200.00055,9200.00055,9005.00213,9090.00198,1524
2021-04-28,9150.00308,9499.99573,9065.00324,9380.00387,2591
2021-04-29,9499.99573,9885.00111,9474.997,9669.99541,2551
2021-04-30,9770.00071,10000.0015,9600.00103,9800.00126,3640
2021-05-04,9879.99929,9879.99929,9249.99802,9485.00063,3885
2021-05-05,9649.9985,10899.99739,9485.00063,10499.99692,5244
2021-05-06,10490.00364,10759.99826,10370.00142,10639.99605,1983
2021-05-07,10649.99968,10899.99739,10520.00419,10800.00245,2111
2021-05-10,10800.00245,11269.99731,10779.99518,11200.00292,3414
2021-05-11,11189.99929,11719.99526,11110.00126,11299.99787,2868
2021-05-12,11200.00292,11559.99921,10150.00427,10529.99747,7123
2021-05-13,10499.99692,11140.00182,10359.99779,10899.99739,2636
2021-05-14,10899.99739,10899.99739,10329.99723,10469.99636,2365
2021-05-17,10589.99858,10589.99858,10239.99557,10299.99668,2052
2021-05-18,10209.99502,10449.99945,10090.00316,10140.00063,3298
2021-05-19,10049.99897,10290.0034,10030.00206,10150.00427,2112
2021-05-20,10099.99644,10219.99866,10019.99842,10129.997,4974
2021-05-21,10069.99589,10430.00253,10019.99842,10239.99557,1915
2021-05-24,10299.99668,10389.99834,10120.00372,10200.00174,2523
2021-05-25,10200.00174,11149.9951,10200.00174,11009.99597,4293
2021-05-26,11000.00269,11090.00435,10750.00498,10890.00411,3482
2021-05-27,10890.00411,11320.00514,10800.00245,11039.99652,19660
2021-05-28,11110.00126,11630.00395,10929.99794,11469.99755,1429
2021-05-31,11559.99921,11690.00506,10940.00158,11200.00292,1105
2021-06-01,11260.00403,11549.99557,11090.00435,11320.00514,905
2021-06-02,11439.997,11589.99976,11260.00403,11359.99897,926
2021-06-04,11450.00063,11460.00427,10649.99968,10979.99541,2125
2021-06-07,11129.99818,11340.00206,11050.00016,11110.00126,1074
2021-06-08,11000.00269,11559.99921,11000.00269,11460.00427,1161
2021-06-09,11299.99787,11549.99557,11290.00458,11400.00316,1348
2021-06-10,11310.0015,11460.00427,11019.9996,11060.00379,1397
2021-06-11,11060.00379,11120.0049,10759.99826,10949.99486,2188
2021-06-14,10949.99486,11340.00206,10949.99486,11329.99842,1228
2021-06-15,11400.00316,11469.99755,10929.99794,10959.9985,1333
2021-06-16,11110.00126,11320.00514,11009.99597,11290.00458,1665
2021-06-17,11110.00126,11359.99897,11110.00126,11280.00095,1286
2021-06-18,11120.0049,12119.99573,11120.0049,11979.9966,5404
2021-06-21,11800.00364,11800.00364,11250.00039,11469.99755,693
2021-06-22,11540.00229,11589.99976,11110.00126,11510.00174,2592
2021-06-23,11639.99723,11639.99723,11320.00514,11549.99557,1253
2021-06-24,11699.99834,12549.99676,11510.00174,12340.00324,3180
2021-06-25,12250.00158,13050.00253,12200.00411,12930.00032,3516
2021-06-28,12699.99953,13489.99684,12630.00514,13140.00419,1985
2021-06-29,13360.00134,13390.0019,12719.99644,12760.00063,3567
2021-06-30,12650.00205,13069.99945,12650.00205,12869.99921,3070
2021-07-01,13000.00506,13009.99834,12740.00372,13000.00506,3865
2021-07-02,13130.00055,13149.99747,12859.99557,13100,1347
2021-07-05,12970,13070,12650,12930,1321
2021-07-06,12710,12970,12710,12800,1081
2021-07-07,12800,13950,12770,13700,1924
2021-07-08,13760,13790,12920,13160,1365
2021-07-09,13350,13730,13220,13630,728
2021-07-12,13750,13750,13420,13500,1132
2021-07-13,13500,13890,13410,13830,1194
2021-07-14,13750,13870,13560,13700,2808
2021-07-15,13690,13790,13580,13600,2206
2021-07-16,13670,13780,13560,13630,2361
2021-07-19,13670,13670,13010,13230,1572
2021-07-20,13580,13650,13260,13650,1420
2021-07-21,13530,13670,13510,13510,1183
2021-07-22,13630,13630,13420,13500,1147
2021-07-23,13450,13600,13360,13550,354
2021-07-26,13670,13680,13260,13470,1403
2021-07-27,13550,13550,13060,13350,1008
2021-07-28,13200,13690,13000,13590,1578
2021-07-29,13500,13940,13500,13900,2784
2021-07-30,13650,14160,13650,13840,1442
2021-08-02,13890,14360,13780,14310,641
2021-08-03,14400,14690,14220,14580,2186
2021-08-04,14510,14830,14060,14070,1446
2021-08-05,14050,14330,13950,14250,1595
2021-08-06,14260,14410,13940,14380,1957
2021-08-09,14200,14390,14130,14140,1867
2021-08-10,14040,14220,14040,14210,555
2021-08-11,14070,14160,13800,13820,882
2021-08-12,13710,14000,13700,14000,457
2021-08-13,13880,14050,13790,14010,1747
2021-08-16,13800,13960,13650,13650,1394
2021-08-17,13810,14080,13610,13820,2240
2021-08-18,13640,13930,13270,13460,1442
2021-08-19,13150,13550,13100,13380,1303
2021-08-20,13480,13530,13310,13420,572
2021-08-23,13400,13730,13400,13550,1273
2021-08-24,13470,13870,13470,13630,2378
2021-08-25,13750,14100,13530,13980,2350
2021-08-26,13930,13970,13250,13540,2273
2021-08-27,13690,13710,13500,13660,1708
2021-08-30,13610,14440,13610,14200,8387
2021-08-31,14200,14520,13900,13960,5469
2021-09-01,13860,14160,13720,13750,2884
2021-09-02,13740,14400,13740,14390,2405
2021-09-03,14420,14420,14210,14360,1231
2021-09-06,14320,14350,14080,14290,978
2021-09-07,14140,14300,13820,14180,2351
2021-09-08,14060,14110,13570,13900,2474
2021-09-09,13890,14230,13830,14050,2581
2021-09-10,14100,14650,14040,14560,1695
2021-09-13,14620,14790,14160,14450,2125
2021-09-14,14540,14580,14240,14390,1054
2021-09-15,14240,14410,13870,14030,2992
2021-09-16,13940,14610,13940,14610,1779
2021-09-17,14600,14600,14240,14440,7017
2021-09-20,14430,14600,14210,14550,3839
2021-09-21,14590,14670,14450,14580,1777
2021-09-22,14870,15230,14650,15200,2227
2021-09-23,15440,15680,15100,15130,1917
2021-09-24,15240,15360,14840,14860,2026
2021-09-27,15050,15130,14450,14460,1808
2021-09-28,14530,14740,14300,14300,1114
2021-09-29,14520,15030,14400,14460,899
2021-09-30,14470,15210,14470,14800,2476
2021-10-01,14620,14860,14300,14300,5507
2021-10-04,14570,14570,13730,14050,4049
2021-10-05,14180,14500,13990,14430,1556
2021-10-06,14590,14610,12330,12420,6170
2021-10-07,12410,12790,11840,12100,8327
2021-10-08,12150,13140,12150,12790,5448
2021-10-11,12810,13050,12430,12910,4366
2021-10-12,12900,13760,12710,13550,2596
2021-10-13,13660,14050,13330,13950,3119
2021-10-14,13990,14250,13840,14010,1473
2021-10-15,14110,14430,14020,14400,1952
2021-10-18,14420,14430,14050,14240,2003
2021-10-19,14240,14370,14090,14220,1567
2021-10-20,14300,14300,13770,14030,1556
2021-10-21,13900,14280,13700,14280,1683
2021-10-22,14280,14330,14110,14230,1470
2021-10-25,14030,14320,14030,14200,1274
2021-10-26,14270,14320,14070,14150,1593
2021-10-27,14260,14280,13930,14100,1601
2021-10-28,14120,14180,13720,14110,1629
2021-10-29,13860,14340,13860,14330,3452
2021-11-02,14300,14400,13820,13860,2108
2021-11-03,13890,14150,13650,13800,1703
2021-11-04,13830,14350,13830,14350,1773
2021-11-05,14350,14430,14120,14300,1614
2021-11-08,14400,14400,13880,13930,677
2021-11-09,14100,14510,13910,14440,2417
2021-11-10,14440,14450,14170,14250,1353
2021-11-12,14250,14790,13960,14000,2080
2021-11-15,14010,14500,13950,13950,2052
2021-11-16,13950,14330,13950,14000,1728
2021-11-17,14000,14180,13740,13800,1463
2021-11-18,13810,13960,13370,13400,2200
2021-11-19,13410,13600,12710,13050,2988
2021-11-22,13050,13400,12300,12520,2614
2021-11-23,12450,12890,12340,12870,2736
2021-11-24,13190,13190,12460,12580,1272
2021-11-25,12580,12610,12280,12420,907
2021-11-26,12110,12140,11750,11920,1772
2021-11-29,12130,12480,11710,12330,1791
2021-11-30,12050,13230,12050,13150,2759
2021-12-01,13390,13620,12940,13390,2221
2021-12-02,13200,13470,13140,13370,1676
2021-12-03,13370,13480,12910,13040,2081
2021-12-06,13040,13280,13000,13150,1248
2021-12-07,13270,13850,13180,13600,2618
2021-12-08,13700,13910,13400,13690,1833
2021-12-09,14700,15810,14700,15700,13083
2021-12-10,15950,17770,15760,17300,11805
2021-12-13,17500,17890,17380,17630,3182
2021-12-14,17750,18380,17700,17930,3311
2021-12-15,18080,18100,17310,17550,3252
2021-12-16,17960,17960,17180,17300,2290
2021-12-17,17460,17460,17190,17450,6488
2021-12-20,16840,17240,16410,17120,2022
2021-12-21,17120,17570,17050,17200,1794
2021-12-22,17420,17440,17030,17200,1215
2021-12-23,17330,17330,17110,17260,989
2021-12-27,17500,17500,16940,17200,1568
2021-12-28,17350,17370,16980,17100,2432
2021-12-29,16990,17480,16990,17160,1702
2021-12-30,17250,17370,17010,17200,1215
2022-01-03,17250,17430,16360,16790,2559
2022-01-04,16900,17290,16780,17280,2087
2022-01-05,17000,17720,16950,17720,1793
2022-01-07,17400,18300,17260,18300,4568
